Year,Election ,Province name,Candidate name
2014,DPD,Aceh ,Adnan N.S. 
2014,DPD,Aceh ,Anwar
2014,DPD,Aceh ,Dasleliaty
2014,DPD,Aceh ,"Dr. Ahmad Farhan Hamid, M.S."
2014,DPD,Aceh ,"Dra. Hj. Mediati Hafni Hanum, SH., M,Kn."
2014,DPD,Aceh ,"Drs. Azhari Usman, M.SI."
2014,DPD,Aceh ,"Drs. H. Anharuddin, S.E., M.M."
2014,DPD,Aceh ,Drs. H. Ghazali Abbas Adan
2014,DPD,Aceh ,Drs. H. M. Yusuf Ishaq
2014,DPD,Aceh ,Drs. Ibrahim Saleh 
2014,DPD,Aceh ,"Erdarina, S.P. "
2014,DPD,Aceh ,"Fachrul Razi, M.I.P. "
2014,DPD,Aceh ,Fauzan Azima S
2014,DPD,Aceh ,Fazlun Hasan 
2014,DPD,Aceh ,"H. Asy’ari, S.Pd.I."
2014,DPD,Aceh ,"H. Fachrurrazi, S.E. "
2014,DPD,Aceh ,H. Teuku Mukhtar Anshari Z.A 
2014,DPD,Aceh ,H. Waisul Qarany Aly 
2014,DPD,Aceh ,H.T. Bachrum Manyak 
2014,DPD,Aceh ,Herianto 
2014,DPD,Aceh ,"Idham, S.P. "
2014,DPD,Aceh ,"Ir. H.T. Suriansyah, M.Si."
2014,DPD,Aceh ,"Ir. TGK. H. Subki El Madny, M.T. "
2014,DPD,Aceh ,"Irsalina Huzna Azwir, S.Ked"
2014,DPD,Aceh ,"Muhammad Yusuf, S.E. "
2014,DPD,Aceh ,"Mukhtar, S.E. "
2014,DPD,Aceh ,Mursyid
2014,DPD,Aceh ,"Muslim, S.E. "
2014,DPD,Aceh ,"Nazir Adam, S.E., M.M. "
2014,DPD,Aceh ,Rafli 
2014,DPD,Aceh ,"Saifuddin Gani, S.H. "
2014,DPD,Aceh ,Sudirman
2014,DPD,Aceh ,"Suparno, S.T.P. "
2014,DPD,Aceh ,"Syamsuddin A Jalil, S.H. "
2014,DPD,Aceh ,"Tarmilin Usman, SE, M.Si. "
2014,DPD,Aceh ,"Teuku Eddy Faisal Rusydi, S.H.I., M.Sc. "
2014,DPD,Aceh ,"Teuku Kamaruzzman, S.H. "
2014,DPD,Aceh ,TGK. H. Abdurrahman B.T.M 
2014,DPD,Aceh ,TGK. H. Rasyidin Abdullah 
2014,DPD,Aceh ,TGK. T. Abdul Muthalib
2014,DPD,Bali,"A.A. NGR Oka Ratmadi, S.H. "
2014,DPD,Bali,"Drg. I Gede Putu Wirya, M.Kes"
2014,DPD,Bali,Drs. Ida Bagus Arnawa
2014,DPD,Bali,"I Gusti Ketut Adi Kertiyasa, S.H. "
2014,DPD,Bali,"I Made Sudiana, S.H. "
2014,DPD,Bali,"I Made Sundayana, S.Kep., M.Si. "
2014,DPD,Bali,Ir. Rataya B Kentjanawathy
2014,DPD,Bali ,AA. Putu Ngurah Wirawan 
2014,DPD,Bali ,"Dewa Ayu PT. Sri Wigunawati, S.Sos., S.H., M.Si "
2014,DPD,Bali ,Dewa Putu Budarsa
2014,DPD,Bali ,Dr. Shri I G.N. Arya Wedakarna M. Wedasteraputra S. 
2014,DPD,Bali ,"Drs. DEWA MADE SUAMBA NEGARA, M.Si."
2014,DPD,Bali ,Drs. Erlangga Mantik 
2014,DPD,Bali ,"Drs. H. Masrur Makmur, M.Pd.I. "
2014,DPD,Bali ,"Drs. I Ketut Putra Suarthana, M.M. "
2014,DPD,Bali ,"Drs. I Made Karang, M.Pd."
2014,DPD,Bali ,"Drs. I Nengah Parawatha, S.H., M.Si "
2014,DPD,Bali ,"Drs. I Nyoman Cendikiawan, S.H., M.Si. "
2014,DPD,Bali ,"Gede Pasek Suardika, S.H., M.H. "
2014,DPD,Bali ,"I Gede Dharma Wijaya, S.E., M.M., M.Kes. "
2014,DPD,Bali ,I Gusti Ngurah Susila 
2014,DPD,Bali ,I Kadek Arimbawa
2014,DPD,Bali ,I Ketut Pesta 
2014,DPD,Bali ,"I Made Arimbawa, S.H., M.M. "
2014,DPD,Bali ,"I Made Arjaya, S.E., M.Si"
2014,DPD,Bali ,"I Made Sunarsa, S.E. "
2014,DPD,Bali ,I Made Wakil Sendana 
2014,DPD,Bali ,"I Nengah Wiratha, S.E."
2014,DPD,Bali ,"I Wayan Arthadipa, S.H., M.H. "
2014,DPD,Bali ,"I Wayan Gede Suyatartha, S.E., M.B.A. "
2014,DPD,Bali ,"I Wayan Sudirta, S.H. "
2014,DPD,Bali ,"I Wayan Sukla Arnata, S.H., M.H. "
2014,DPD,Bali ,"I.G.N. Kesuma Kelakan, S.T., M.Si "
2014,DPD,Bali ,"Ida Bagus Putra D. Mantra, Ph.D. "
2014,DPD,Bali ,"Ida Bagus Putu Astina, S.H. "
2014,DPD,Bali ,Ida Bagus Raka Wiryanatha
2014,DPD,Bali ,Ir. Anak Agung Kartika Putra 
2014,DPD,Bali ,Ir. I Made Suarnatha
2014,DPD,Bali ,Ir. Made Dana M. Tangkas
2014,DPD,Bali ,"Putu Arsana Atmaja, S.T. "
2014,DPD,Bangka Belitung ,"Bahar Buasan, S.T. "
2014,DPD,Bangka Belitung ,Dra. Hj. Nurlaela
2014,DPD,Bangka Belitung ,Drs. H. A. Hudarni Rani 
2014,DPD,Bangka Belitung ,"Drs. H. Parhan Ali, M.M. "
2014,DPD,Bangka Belitung ,"Drs. H. Zulkarnain Karim, M.M. "
2014,DPD,Bangka Belitung ,"Fadjar Fairy, S.H. "
2014,DPD,Bangka Belitung ,"H. Jawarno, S.I.P. "
2014,DPD,Bangka Belitung ,H. Muhammad Sulahudin
2014,DPD,Bangka Belitung ,"H. Patris Lumumba, S.H. "
2014,DPD,Bangka Belitung ,"H. Syamsuddin Basari, S.Sos., M.Si. "
2014,DPD,Bangka Belitung ,"Herry Erfian, S.T. "
2014,DPD,Bangka Belitung ,"Ir. Agung Setiawan, M.M."
2014,DPD,Bangka Belitung ,"Ir. H. Ernawan Rebuin, M.M. "
2014,DPD,Bangka Belitung ,Ir. H. Iwansyah 
2014,DPD,Bangka Belitung ,"Ir. H. Zulkarnaen Syamsudin, M.M., B.A. "
2014,DPD,Bangka Belitung ,"Ir. R. Rudy Irawan, M.M. "
2014,DPD,Bangka Belitung ,Sofian Romli
2014,DPD,Bangka Belitung ,"Tellie Gozelie, S.E. "
2014,DPD,Bangka Belitung ,Zubaidah 
2014,DPD,Bangka Belitung ,"Zulfriandi Afan, S.E. "
2014,DPD,Banten,Andiara Aprilia Hikmat
2014,DPD,Banten,"Dr. Andriansyah, M.Si."
2014,DPD,Banten,"Dr. Gidion S. Hutagalung, S.H., S.Th., M.A. "
2014,DPD,Banten,Dr. H. Achmad Rusdi Arief 
2014,DPD,Banten,"Drs. H. Abdurachman, M.A.P. "
2014,DPD,Banten,Drs. H. Akhmad Haris 
2014,DPD,Banten,Drs. Habib Ali Alwi 
2014,DPD,Banten,"Gousta Feriza, S.H., M.H. "
2014,DPD,Banten,"H. Ahmad Imron, S.E. "
2014,DPD,Banten,H. Ahmad Subadri 
2014,DPD,Banten,"H. Gondo Radityo Gambiro, M.B.A. "
2014,DPD,Banten,"H. Iyus Priatna, S.Sos. "
2014,DPD,Banten,"H. M. Irsjad Djuwaeli, S.P., M.M. "
2014,DPD,Banten,H. Muhtar Imi 
2014,DPD,Banten,H. Mushin 
2014,DPD,Banten,"H. Odjat Sukardjat, S.H.I., M.B.A. "
2014,DPD,Banten,"H. Rosyid Haerudi, S.P., M.M. "
2014,DPD,Banten,H. Tb. Lucky Kaking
2014,DPD,Banten,"Hasan  Nuryadi, S.E., M.Ec. "
2014,DPD,Banten,"Hj. Hanif Sobari, M.Si"
2014,DPD,Banten,"Hj. Himmatul Aliyah, S.Sos., M.Si. "
2014,DPD,Banten,"Ir. Togu Pardamean Tobing, M.Si. "
2014,DPD,Banten,Iwan Kurniawan 
2014,DPD,Banten,"K.H. Ahmad Sadeli Karim, L.C. "
2014,DPD,Banten,M. Nurdin R
2014,DPD,Banten,"Moh. Jembar, M.Si. "
2014,DPD,Bengkulu ,"Cupli Risman, S.Sos"
2014,DPD,Bengkulu ,"Dinmar, S.Kom. "
2014,DPD,Bengkulu ,Dipi-ing. H. Bambang Soeroso
2014,DPD,Bengkulu ,Djatmiko 
2014,DPD,Bengkulu ,"Dr. Ir. H. Ruslan Wijaya, S.E., M.A.P. "
2014,DPD,Bengkulu ,"Dr. Rahimullah, S.H., M.Si. "
2014,DPD,Bengkulu ,"Dra. Hj. Eni Khairani, M.Si. "
2014,DPD,Bengkulu ,"Drs. H. Salamun Haris M, M.Si "
2014,DPD,Bengkulu ,Eri Yanto 
2014,DPD,Bengkulu ,"H. Ahmad Kanedi, S.H., M.H. "
2014,DPD,Bengkulu ,"H. Mohammad Saleh, S.E. "
2014,DPD,Bengkulu ,H. Syaiful Anwar Bachsin 
2014,DPD,Bengkulu ,"Iqbal Bastari, S.Pd. "
2014,DPD,Bengkulu ,"Ir. Ahmad Hamim Wicaksono, M.Sc. "
2014,DPD,Bengkulu ,Ir. Babulhairien A.B 
2014,DPD,Bengkulu ,Muhammad Kosim
2014,DPD,Bengkulu ,"Muspani, S.H. "
2014,DPD,Bengkulu ,"Radianto Star, S.T. "
2014,DPD,Bengkulu ,Riri Damayanti 
2014,DPD,Bengkulu ,"Yuan Rasugi Sang, S.Sos., M.H. "
2014,DPD,DI. Yogyakarta ,"Bambang Eko Prabowo, B.Sc., S.I.P. "
2014,DPD,DI. Yogyakarta ,"Drs. H. A. Hafidh Asrom, M.M. "
2014,DPD,DI. Yogyakarta ,"Drs. Sidarto Danusubroto, S.H. "
2014,DPD,DI. Yogyakarta ,Gusti Kanjeng Ratu Hemas 
2014,DPD,DI. Yogyakarta ,"H. A. Taufiqurrohman, S.Ag. "
2014,DPD,DI. Yogyakarta ,H. Abdul Muhaimin
2014,DPD,DI. Yogyakarta ,H. Fairuz Ahmad
2014,DPD,DI. Yogyakarta ,"H. Suratman, S.H., M.H. "
2014,DPD,DI. Yogyakarta ,"Ir. H. Cholid Mahmud, M.T. "
2014,DPD,DI. Yogyakarta ,"Ismarindayani, S.H., M.H., CN. "
2014,DPD,DI. Yogyakarta ,"Kombes. Pol (Purn). Muhammad Hirsam, S.H., M.Si. "
2014,DPD,DI. Yogyakarta ,Muhammad Afnan Hadikusumo
2014,DPD,DI. Yogyakarta ,"R. Fidelis Indriarto, S.SI., M.M. "
2014,DPD,DKI Jakarta ,"A. Syamsul Zakaria, S.H., M.H."
2014,DPD,DKI Jakarta ,Abdi Sumaithi
2014,DPD,DKI Jakarta ,"Abdul Azis Khafia, S.SI., M.Si."
2014,DPD,DKI Jakarta ,Ardi Putra Baramuli
2014,DPD,DKI Jakarta ,Dasril
2014,DPD,DKI Jakarta ,Dr. (HC.) A.M. Fatwa 
2014,DPD,DKI Jakarta ,"dr. Eddi Junaidi, Sp.OG., S.H., M. Kes. "
2014,DPD,DKI Jakarta ,"Dr.Ir. Heru J. Juwono, M.T."
2014,DPD,DKI Jakarta ,"drg. Moestar Putrajaya, M.H. "
2014,DPD,DKI Jakarta ,"Drs. Eddy Sadeli, S.H. "
2014,DPD,DKI Jakarta ,"Drs. H. Mohammad Joesoef, S.E., M.Si. "
2014,DPD,DKI Jakarta ,Drs. Mohammad Sjohirin. M.Si 
2014,DPD,DKI Jakarta ,Drs. Sergius Kelang
2014,DPD,DKI Jakarta ,F.X. Oerip Soedjoed
2014,DPD,DKI Jakarta ,"Fahira Idris, S.E. "
2014,DPD,DKI Jakarta ,"H. Pardi, S.H. "
2014,DPD,DKI Jakarta ,H. Rizki Aljupri
2014,DPD,DKI Jakarta ,"H. Sayogo Hendrosubroto, S.I.P. "
2014,DPD,DKI Jakarta ,"H. Zuhdi Mamduhi, S.E. "
2014,DPD,DKI Jakarta ,Heru Cokro 
2014,DPD,DKI Jakarta ,"Ivan Rinaldi, S.E., M.M. "
2014,DPD,DKI Jakarta ,"KH. Lutfi Hakim, M.A. "
2014,DPD,DKI Jakarta ,M. Rifqy
2014,DPD,DKI Jakarta ,Mutiati Sejahtera
2014,DPD,DKI Jakarta ,Parni Hardi 
2014,DPD,DKI Jakarta ,Prof. Dr. Dailami Firdaus
2014,DPD,DKI Jakarta ,Ramdansyah
2014,DPD,DKI Jakarta ,"Rekson Silaban, S.E. "
2014,DPD,DKI Jakarta ,Rommy
2014,DPD,DKI Jakarta ,Rudy Hamid
2014,DPD,DKI Jakarta ,Sabam Sirait
2014,DPD,DKI Jakarta ,"Santo Dewatmoko, S.T., M.M., M.A."
2014,DPD,DKI Jakarta ,"Usmar, S.E., M.M. "
2014,DPD,DKI Jakarta ,Vivi Effendy
2014,DPD,DKI Jakarta ,Wahyu Raharjo
2014,DPD,Gorontalo,"Adzhar Pakaya, S.I.P, "
2014,DPD,Gorontalo,Burhan Mantulangi
2014,DPD,Gorontalo,"Dewi Sartika Hemeto, S.E. "
2014,DPD,Gorontalo,"Dr. ABD. Razak Mozin, S.Ag., M.Si"
2014,DPD,Gorontalo,Drs. A.D. Khaly
2014,DPD,Gorontalo,"Drs. Syarief Sabara, M.Si. "
2014,DPD,Gorontalo,"H. Abdurrahman Abubakar Bahmid, Lc. "
2014,DPD,Gorontalo,Hana Hasanah Vadel Muhammad 
2014,DPD,Gorontalo,"Hasan Abdullah, S.E. "
2014,DPD,Gorontalo,Herman D. Ishak
2014,DPD,Gorontalo,"Hi. Nizam Dai, S.I.Pem"
2014,DPD,Gorontalo,Hj. Carolina Kaluku
2014,DPD,Gorontalo,Hj. Rahmijati Jahja
2014,DPD,Gorontalo,Ir. Ethon Parman
2014,DPD,Gorontalo,Mohammad Taufik Dalu 
2014,DPD,Gorontalo,"Nur Hasan, S.E. "
2014,DPD,Gorontalo,"Umar Karim, S.I.P. "
2014,DPD,Jambi,"Andi Yusman, S.E"
2014,DPD,Jambi,"Anggi Purnama Harahap, S.H"
2014,DPD,Jambi,"Azman, S.H"
2014,DPD,Jambi,Azwan Herwanto
2014,DPD,Jambi,Benny Pratama Sofwan
2014,DPD,Jambi,Dra. Hj. Juniwati T. Masjchun S
2014,DPD,Jambi,Dra. Irina Safitri
2014,DPD,Jambi,"Drs. H. Asra H.D, M.Pd.I"
2014,DPD,Jambi,Drs. Zulkarnain Al-Fath
2014,DPD,Jambi,H. Abu Bakar Jamalia
2014,DPD,Jambi,"H. Indra Armendaris, S.H"
2014,DPD,Jambi,"H. Irsal Yunus, S.E., M.M"
2014,DPD,Jambi,"H. Nuzran Joher, S.Ag., M.Si"
2014,DPD,Jambi,"H. Suryadi, S.Ag."
2014,DPD,Jambi,Halilintar
2014,DPD,Jambi,"Hasbi Anshory, S.E., M.M"
2014,DPD,Jambi,"Hj. Daryati Uteng S, S.E., M.M "
2014,DPD,Jambi,"IIn Inawati, S.Pd"
2014,DPD,Jambi,"Ir. Kamil Rusdi, M.Si"
2014,DPD,Jambi,Jefri Hendrik 
2014,DPD,Jambi,Joni Ahyar
2014,DPD,Jambi,"Kemas Alfarizi Arsyad, S.E "
2014,DPD,Jambi,"Linda Astuty, S.E., M.M"
2014,DPD,Jambi,"M. Syukur, S.H"
2014,DPD,Jambi,"Mohd. Syarief Gamal, S.H., MH"
2014,DPD,Jambi,"Mohon Indrajaya, S.H"
2014,DPD,Jambi,"Muhammad Yasir Arafat, S.E"
2014,DPD,Jambi,"Sukarno, S.H"
2014,DPD,Jambi,Syahri
2014,DPD,Jambi,"Untung Susanto, S.Pd"
2014,DPD,Jambi,"Yatno, S.P"
2014,DPD,Jambi,Yopi Muthalib
2014,DPD,Jawa Barat,Asep Syaripudin
2014,DPD,Jawa Barat,Deni Jasmara
2014,DPD,Jawa Barat,Deni Saeful Hayat
2014,DPD,Jawa Barat,Djumono
2014,DPD,Jawa Barat,"Dr. H. Eman Suryaman, M.M."
2014,DPD,Jawa Barat,"Dr. H. Gunawan Undang, M.Si."
2014,DPD,Jawa Barat,"Dr. H. Suhaeli, M.Si."
2014,DPD,Jawa Barat,"Dra. Hj. R. Ella M. Girikomala, M.M.Pd."
2014,DPD,Jawa Barat,"Dra. Ir. Hj. Eni Sumarni, M.Kes"
2014,DPD,Jawa Barat,Drs. H. Asril Das
2014,DPD,Jawa Barat,"Drs. H. K. Edi Pariyadi, M.M.Pd. "
2014,DPD,Jawa Barat,Drs. H. Nu'man Abdul Hakim
2014,DPD,Jawa Barat,"Drs. H. Rukman Heryana, M.M."
2014,DPD,Jawa Barat,"Drs. H. Suharna Surapranata, MT"
2014,DPD,Jawa Barat,"Drs. H. UU Rukmana, M.Si"
2014,DPD,Jawa Barat,Drs. Odik Sodikin
2014,DPD,Jawa Barat,"Elang Raja Luqman Zulkaedin, S.H. "
2014,DPD,Jawa Barat,"H. Aceng Holik Munawar Fikri, S.Ag."
2014,DPD,Jawa Barat,"H. M. Yos Faisal Husni, M.H., M. Hum. "
2014,DPD,Jawa Barat,H. Rudi Harsa Tanaya
2014,DPD,Jawa Barat,"H. Syarif Bastaman, S.H."
2014,DPD,Jawa Barat,"H. Tubagus Dasep, IPS, S.Sos., S.H., B.E., M.Sc. "
2014,DPD,Jawa Barat,"H.Hasan Zainal Abidin EZ, S.E., M.M."
2014,DPD,Jawa Barat,"Hj. Euis Atikah, S.Sos"
2014,DPD,Jawa Barat,"Husni F. Mubarok, S.Ag., M.Si."
2014,DPD,Jawa Barat,Ir. H. Ayi Hambali
2014,DPD,Jawa Barat,"Julianda Barus, M.M., M.B.A. "
2014,DPD,Jawa Barat,"K.H. Moh. Athoillah Mursjid, S.E., M.Si. "
2014,DPD,Jawa Barat,Muhammad Hafidz
2014,DPD,Jawa Barat,"Nace Permana, S.E."
2014,DPD,Jawa Barat,Nazar Hariz
2014,DPD,Jawa Barat,Oni Suwarman
2014,DPD,Jawa Barat,"Ratu Raja Arimbi Nurtina, S.T."
2014,DPD,Jawa Barat,Syifa Hananta
2014,DPD,Jawa Barat,"Tri Wuryantoro, S.E., M.I.Kom"
2014,DPD,Jawa Barat,"Unang Margana, S.H., M.H. "
2014,DPD,Jawa Tengah,Agus Mujiyanto
2014,DPD,Jawa Tengah,"Ahsan Fauzi, S.Sos.I"
2014,DPD,Jawa Tengah,"Bagyono, ST"
2014,DPD,Jawa Tengah,"Dr. H. Bambang Sadono, S.H., M.H."
2014,DPD,Jawa Tengah,"Dr. H. Sulistiyo, M.Pd."
2014,DPD,Jawa Tengah,"Dra. Hj. H.R. Utami, M.Hum."
2014,DPD,Jawa Tengah,"Drs. H. Ahmad Niam Syukri, M.Si. "
2014,DPD,Jawa Tengah,Drs. H. Akhmad Muqowam
2014,DPD,Jawa Tengah,"Drs. H. Hendro Martojo, M.M."
2014,DPD,Jawa Tengah,"Drs. H. Humam Sabroni, M.Si"
2014,DPD,Jawa Tengah,Drs. Jabir
2014,DPD,Jawa Tengah,Drs. K.P.H. Sumaryoto Padmodiningrat
2014,DPD,Jawa Tengah,"Drs. St. Sukirno, M.S."
2014,DPD,Jawa Tengah,G.K.R. Ayu Koes Indriyah 
2014,DPD,Jawa Tengah,"H. Iskandar, S.Ag., M.Si."
2014,DPD,Jawa Tengah,"H. Sudir Santoso, S.H."
2014,DPD,Jawa Tengah,Heriyanto
2014,DPD,Jawa Tengah,"Hj. Denty Eka Widi Oratiwi, S.E., M.H."
2014,DPD,Jawa Tengah,"Hj. Siti Azzah, S.Sos."
2014,DPD,Jawa Tengah,"Ika Trisna Mulyaningsih, S.T."
2014,DPD,Jawa Tengah,Ir. H. Soeharsojo
2014,DPD,Jawa Tengah,"Ir. Kunto Endriyono, M.M."
2014,DPD,Jawa Tengah,"Khizanaturrohmah, S.Ag."
2014,DPD,Jawa Tengah,"Kundari, S.E."
2014,DPD,Jawa Tengah,Mayjen (Purn.) Drs. H. Kurdi Mustofa
2014,DPD,Jawa Tengah,"Muhammad Al Habsy, S.Pd"
2014,DPD,Jawa Tengah,Poppy Dharsono
2014,DPD,Jawa Tengah,R. Sukarno Winarto
2014,DPD,Jawa Tengah,"Suro Jogo PBSH, S.E."
2014,DPD,Jawa Tengah,Tjahjadi Takariawan
2014,DPD,Jawa Tengah,Toto Dirgantoro
2014,DPD,Jawa Tengah,Wakil Maghfur
2014,DPD,Jawa Timur,ABDUL DJALIL LTC
2014,DPD,Jawa Timur,"ABDUL QADIR AMIR HARTONO, S.E., S.H., M.H."
2014,DPD,Jawa Timur,AGUS PATMINTO
2014,DPD,Jawa Timur,AINUL YAKIN
2014,DPD,Jawa Timur,AKHMAD TAUFIQ
2014,DPD,Jawa Timur,ALI ASSEGAF
2014,DPD,Jawa Timur,ALI WAHDIN
2014,DPD,Jawa Timur,ANDI AHMAD SETYOBUDI
2014,DPD,Jawa Timur,"BAMBANG J. PRAMONO, S.Si."
2014,DPD,Jawa Timur,DESEMBA SAGITA ALEXSANDRA NT
2014,DPD,Jawa Timur,Dr. H.M. MARKUM SINGODIMEDJO
2014,DPD,Jawa Timur,Dr. MARDJITO GISAN ATMOJO
2014,DPD,Jawa Timur,"Drs, H. ABDUL SUDARSONO"
2014,DPD,Jawa Timur,"Drs. H. A. BUDIONO, M.Ed."
2014,DPD,Jawa Timur,"Drs. H. A. MUHAIMIN, M.T."
2014,DPD,Jawa Timur,"Drs. H. MASHURI, M.Si."
2014,DPD,Jawa Timur,Drs. MOH. SHALEH
2014,DPD,Jawa Timur,"DWI ASTUTIK, S.Ag., M.Si."
2014,DPD,Jawa Timur,"H. ACHMAD SOEDJA'I, S.H., M.M."
2014,DPD,Jawa Timur,"H. AHMAD NAWARDI, S.Ag."
2014,DPD,Jawa Timur,"H. MOCH. HAMZAH, S.T., M.M."
2014,DPD,Jawa Timur,"HJ. CHOFSOH WAHYUNI, S.Pd., M.Si."
2014,DPD,Jawa Timur,Hj. EMILIA CONTESSA
2014,DPD,Jawa Timur,HJ. ZUHARIAH
2014,DPD,Jawa Timur,"IMAM MUL HUDA, S.H "
2014,DPD,Jawa Timur,IMAM SUPENO
2014,DPD,Jawa Timur,"KH. M. HASIB WAHAB CHASBULLAH, S.I.P. "
2014,DPD,Jawa Timur,"KHODIJATUL QODRIYAH S.Ag., M.M. PUB, M.Si. "
2014,DPD,Jawa Timur,MEI EKO RUSIANTO
2014,DPD,Jawa Timur,"MUHAMMAD AGUS MUSLIM, S.H. "
2014,DPD,Jawa Timur,NURSIO
2014,DPD,Jawa Timur,"Prof. Dr. Dra. Hj. Istibsjaroh., B.A., S.H., M.A"
2014,DPD,Jawa Timur,"R. MOERDJOKO, S.Pd."
2014,DPD,Jawa Timur,"SITI AMINAH, S.E., M.M."
2014,DPD,Jawa Timur,"SUBHAN, S.Pd."
2014,DPD,Jawa Timur,TITIN SUDARWATI
2014,DPD,Jawa Timur,"WARSONO, S.H."
2014,DPD,Jawa Timur,"WASIS SISWOYO, S.H."
2014,DPD,Jawa Timur,"WASONO NUGROHOHADI, S.H., M.H. "
2014,DPD,Jawa Timur,YULYANI
2014,DPD,Kalimantan Barat, Drs. H. Abdul Rahmi
2014,DPD,Kalimantan Barat,"Aminudin Arianto, S.Pd., M.Si"
2014,DPD,Kalimantan Barat,Doni Prasetya Satriadi
2014,DPD,Kalimantan Barat,Dra. Hj. Dewi Munawar
2014,DPD,Kalimantan Barat,"Drs. Agustinus Clarus, M.Si"
2014,DPD,Kalimantan Barat,"Drs. Jacobus Luna, M.Si"
2014,DPD,Kalimantan Barat,"Drs. P. E. Chunoi, M.Pd."
2014,DPD,Kalimantan Barat,Drs. Syafi'i
2014,DPD,Kalimantan Barat,Drs. Uray Usman Saidi. AS
2014,DPD,Kalimantan Barat,Drs. Yakobus Kumis
2014,DPD,Kalimantan Barat,"Ev. Lawadi Nusah, S.Pd.K."
2014,DPD,Kalimantan Barat,F.X. Trides Mecer
2014,DPD,Kalimantan Barat,H. Agus Hendro Prayitno
2014,DPD,Kalimantan Barat,H. Ishaq Saleh
2014,DPD,Kalimantan Barat,Hendra Nurdiansyah
2014,DPD,Kalimantan Barat,"Hj. Hairiah, S.H., M.H."
2014,DPD,Kalimantan Barat,"Hj. Rubaeti Erlita, S.Sos.I, S.H. "
2014,DPD,Kalimantan Barat,Imam Muhadi
2014,DPD,Kalimantan Barat,"Indra Noviansyah, S.E."
2014,DPD,Kalimantan Barat,Ir. Hizas Abd. Hamid
2014,DPD,Kalimantan Barat,Klemen Apui
2014,DPD,Kalimantan Barat,"M. Tamsil Sjoekoer, S.H."
2014,DPD,Kalimantan Barat,"M.Musa Surin, S.H., M.H."
2014,DPD,Kalimantan Barat,"Maria Goreti, S.Sos., M.Si."
2014,DPD,Kalimantan Barat,"Nagian Imawan, S.Sos"
2014,DPD,Kalimantan Barat,Nobertus Rocki Susanto
2014,DPD,Kalimantan Barat,Oesman Sapta
2014,DPD,Kalimantan Barat,"Pdt. Barnabas Simin, M.Pd.K"
2014,DPD,Kalimantan Barat,Pdt. Drs. B. Moses Siong
2014,DPD,Kalimantan Barat,"Petrus SA, S.H."
2014,DPD,Kalimantan Barat,"Sakpin Prokhorus, S.Th., M.Pd.K. "
2014,DPD,Kalimantan Barat,"Syafrial Nur, S.H., M.Pd."
2014,DPD,Kalimantan Barat,"Usmandy S. S.Sos., M.Si."
2014,DPD,Kalimantan Barat,"Zakaria, S.H."
2014,DPD,Kalimantan Selatan,Achmad Husaini
2014,DPD,Kalimantan Selatan,"Antung Fatmawati, S.T."
2014,DPD,Kalimantan Selatan,"Berry Nahdian Forqan, S.P., M.S. "
2014,DPD,Kalimantan Selatan,"Dra. Titien Agustina, M.Si"
2014,DPD,Kalimantan Selatan,"Drs. Abdussani, M.I.Kom"
2014,DPD,Kalimantan Selatan,"Drs. H. M. Sofwat Hadi, S.H"
2014,DPD,Kalimantan Selatan,Drs. H. Mansyah Sabri
2014,DPD,Kalimantan Selatan,"Drs. H. Masderiansyah, M.Si"
2014,DPD,Kalimantan Selatan,Drs. H. Sumiadi Burhan
2014,DPD,Kalimantan Selatan,"H. Gusti Farid Hasan Aman, S.E., Akt., M.B.A"
2014,DPD,Kalimantan Selatan,"H. M. Husaini Aliman, S.E., M.M"
2014,DPD,Kalimantan Selatan,"H. M. Suriani Shiddiq, S.Ag., M.Si"
2014,DPD,Kalimantan Selatan,Habib Abdurrahman Bahasyim
2014,DPD,Kalimantan Selatan,"Habib Hamid Abdullah, S.H., M.H"
2014,DPD,Kalimantan Selatan,Ir. Anang Rosadi Adenansi
2014,DPD,Kalimantan Selatan,Kol. Inf. (Purn.) Nasib Alamsyah
2014,DPD,Kalimantan Selatan,"Yuria Wati Zai Rose, S.E"
2014,DPD,Kalimantan Tengah,Drs. Jecky Dahir 
2014,DPD,Kalimantan Tengah,H. A. Mas'ad Ikhsan
2014,DPD,Kalimantan Tengah,"H. Asrani, S.E"
2014,DPD,Kalimantan Tengah,H. Mohammad Ali
2014,DPD,Kalimantan Tengah,"H. Muhammad Rakhman, S.E., S.T"
2014,DPD,Kalimantan Tengah,"H. Said Ahmad Fauzi Bahsin, S.Hi"
2014,DPD,Kalimantan Tengah,H. Sholeh Anshori. S.Pd.i 
2014,DPD,Kalimantan Tengah,Habib H. Said Ismail
2014,DPD,Kalimantan Tengah,"Heriadi, S.T"
2014,DPD,Kalimantan Tengah,"Hj. Permana Sari, S.Si., M.M., M.B.A"
2014,DPD,Kalimantan Tengah,Ir. H. Antang Dwi Dasono
2014,DPD,Kalimantan Tengah,"Ir. H. Mohammad Mawardi, M.M., M.Si"
2014,DPD,Kalimantan Tengah,Ir. Kusmayadi
2014,DPD,Kalimantan Tengah,"Muliadi, S.E"
2014,DPD,Kalimantan Tengah,Napa J. awat
2014,DPD,Kalimantan Tengah,Pdt. Rugas Binti
2014,DPD,Kalimantan Tengah,Rinco Norkim
2014,DPD,Kalimantan Tengah,Totok Sugiyanto S.Ag
2014,DPD,Kalimantan Timur,"Aji Muhammad Mirza Wardana, S.T"
2014,DPD,Kalimantan Timur,Benny R.B. Kowel
2014,DPD,Kalimantan Timur,"Dr. Drs. Marthin Billa, M.M"
2014,DPD,Kalimantan Timur,Dr. Khalep Rahmat
2014,DPD,Kalimantan Timur,"dr. Naomi Patioran, Sp.M."
2014,DPD,Kalimantan Timur,Drs. H. Amir Hamzah B. M.Si
2014,DPD,Kalimantan Timur,Drs. H. Muhammad Idris S
2014,DPD,Kalimantan Timur,"Drs. H. Ramli, M.Hum"
2014,DPD,Kalimantan Timur,H. Ahmad Hendry
2014,DPD,Kalimantan Timur,H. Erhamsyah
2014,DPD,Kalimantan Timur,"H. Hasanuddin. S.H., M.Si"
2014,DPD,Kalimantan Timur,"H. Muhayan Hayan, S.E"
2014,DPD,Kalimantan Timur,"Harmanto, S.P"
2014,DPD,Kalimantan Timur,Hengki
2014,DPD,Kalimantan Timur,"Ir. H. Bambang Susilo, M.M"
2014,DPD,Kalimantan Timur,"K.H. Muslihuddin Abdurrasyid, Lc., M.Pd.I."
2014,DPD,Kalimantan Timur,M. Said
2014,DPD,Kalimantan Timur,"Samsudin S., S.H."
2014,DPD,Kalimantan Timur,Trisno Widodo
2014,DPD,Kalimantan Timur,Usman Yusuf
2014,DPD,Kepulauan Riau,"Djasarmen Purba, S.H."
2014,DPD,Kepulauan Riau,"Dr. Richard H Pasaribu, B.Sc., M.Sc."
2014,DPD,Kepulauan Riau,"Dra. Hj. Syamsinar Yusuf, M.M."
2014,DPD,Kepulauan Riau,"Drs. H. Zulbahri M,M.Pd."
2014,DPD,Kepulauan Riau,"Fahruddin Nasution, B.A."
2014,DPD,Kepulauan Riau,H. Saidul Khudri
2014,DPD,Kepulauan Riau,Hardi Selamat Hood
2014,DPD,Kepulauan Riau,Haripinto Tanuwidjaja
2014,DPD,Kepulauan Riau,Heri Irianto
2014,DPD,Kepulauan Riau,"Ir. Mohamad Nabil, M.Si"
2014,DPD,Kepulauan Riau,Mangara Sonang Nasution
2014,DPD,Kepulauan Riau,"Peris Temba, S.E., M.M."
2014,DPD,Kepulauan Riau,Raden Hari Tjahyono
2014,DPD,Kepulauan Riau,"Rahmatsyah Ramadhany Dhany Ismeth, M.B.A., M.Sc."
2014,DPD,Kepulauan Riau,Ria Saptarika
2014,DPD,Lampung,"Ahmad Farmadi Putra, S.H."
2014,DPD,Lampung,"Ananda Thopati.N. R,S.P.Si."
2014,DPD,Lampung,"Ardian Saputra, SH"
2014,DPD,Lampung,"Arief Budi Atmoko, S.T., M.T."
2014,DPD,Lampung,Dr.H. Andi Surya
2014,DPD,Lampung,"H. Achmad Syabirin H. A. Koenang, S.H., M.H."
2014,DPD,Lampung,"H. Ahmad Jajuli, S.I.P., M.Si."
2014,DPD,Lampung,H. ismail Zulkarnain
2014,DPD,Lampung,"H. Khairudin Gustam, S.E."
2014,DPD,Lampung,"H. SM. Herlambang, S.H., M.H."
2014,DPD,Lampung,"H. SUMINTO MARTONO,S.H."
2014,DPD,Lampung,Hj. TUTI W. MALANO
2014,DPD,Lampung,"Ir. A. Azis Adyas, S.H."
2014,DPD,Lampung,Ir. Agusman Effendi
2014,DPD,Lampung,Ir. Anang Prihantoro
2014,DPD,Lampung,"Ir. H. Aryodhia Febriansya, S.H."
2014,DPD,Lampung,Ir. Suhendra Ratu Prawira Negara
2014,DPD,Lampung,Ir. WORO ARY WERDHANI
2014,DPD,Lampung,Ir.Hi. Nur Zaini
2014,DPD,Lampung,"Iswandi, A.Md."
2014,DPD,Lampung,"KOLONEL (Purn.) H. SUNARDI, S.Sos, M.H."
2014,DPD,Lampung,Moh. Yusuf
2014,DPD,Lampung,"Muhyidin Thohir, S.Pd.I."
2014,DPD,Lampung,Rida Budiyati S.Kom.
2014,DPD,Lampung,"SYARIF, S.H."
2014,DPD,Lampung,ZAINAL MA'ARIF
2014,DPD,Maluku,ABD HAMID RAHAYAAN
2014,DPD,Maluku,ABUKASIM SANGADJI
2014,DPD,Maluku,"AGUSTINUS DADIARA, S.H."
2014,DPD,Maluku,ANNA LATUCONSINA
2014,DPD,Maluku,"ARSI DIVINUBUN, S.H."
2014,DPD,Maluku,"COSMAS E. REFRA, S.H."
2014,DPD,Maluku,"DEKY ISAK SINMIASA, S.H."
2014,DPD,Maluku,Dipl. Oek. ENGELINA. PATTIASINA
2014,DPD,Maluku,Drs. ABDULLAH ASSAGAF
2014,DPD,Maluku,"Drs. SULAIMAN WASAHUA, M.SI."
2014,DPD,Maluku,ETHA AISYAH HENTIHU
2014,DPD,Maluku,"H. LA ODE SALIMIN, S.Pd."
2014,DPD,Maluku,HJ. MERRY ASSEGAF
2014,DPD,Maluku,"ISMAIL PELU, S.H."
2014,DPD,Maluku,"JACOB JACK OSPARA, S.Th., M.Th."
2014,DPD,Maluku,"LA ODE RAHIM BIN ALI, S.H."
2014,DPD,Maluku,"Letjen TNI (Marinir) Purn. Dr. NONO SAMPONO, M.SI."
2014,DPD,Maluku,M. RAMLI KAMIDIN 
2014,DPD,Maluku,"MIDIN B. LAMANY, S.H."
2014,DPD,Maluku,"MUHAMAD RAMLI USWANAS, S.E."
2014,DPD,Maluku,"NOVITA ANAKOTTA, S.H, M.H."
2014,DPD,Maluku,POLICARPUS ULUKYANAN
2014,DPD,Maluku,"Prof. Dr, JOHN PIERIS, S.H.,M.S."
2014,DPD,Maluku,"SOLEMAN LENDE DAPPA, S.Hut, M.Th."
2014,DPD,Maluku,"ZULKARNAIN AWAT AMIR, S.P."
2014,DPD,Maluku Utara,"ABDULLAH ALI, S.T"
2014,DPD,Maluku Utara,ADE ADAM NOCH
2014,DPD,Maluku Utara,ALI DJAIDUN
2014,DPD,Maluku Utara,AZFAD AMIRULLAH GAFARULLAH SOAMOLE
2014,DPD,Maluku Utara,"BASRI SALAMA, S.Pd. "
2014,DPD,Maluku Utara,"DAYAN RENLEUW, S.T."
2014,DPD,Maluku Utara,dr. H. ABDUL GAFUR T. IDRIS
2014,DPD,Maluku Utara,Drs. AB. BUANG BUAMONABOT
2014,DPD,Maluku Utara,"Drs. H. MUDAFFAR SJAH, M.Si"
2014,DPD,Maluku Utara,Drs. Hi. ABDULRACHMAN LAHABATO
2014,DPD,Maluku Utara,Drs. JUANDA BAKAR 
2014,DPD,Maluku Utara,H. ABD. RAHMAN ADAM
2014,DPD,Maluku Utara,"H. GAWI ABAS, S.E."
2014,DPD,Maluku Utara,"H.M. IQBAL BOPENG, SH"
2014,DPD,Maluku Utara,Hi. ANWAR HI. IBRAHIM 
2014,DPD,Maluku Utara,Hi. HALIM DO BAYAN 
2014,DPD,Maluku Utara,"Hi. SYARIF DO. HI. MUHAMMAD, S. Hut. "
2014,DPD,Maluku Utara,Hj. SURIATI ARMAIYN
2014,DPD,Maluku Utara,"IMRAN S. DJUMADIL, S.H. "
2014,DPD,Maluku Utara,Ir. H. ABD HAMID UMAHUK 
2014,DPD,Maluku Utara,Ir. MUHLIS A. ADAM 
2014,DPD,Maluku Utara,Ir. MUSRIYONI NABIU
2014,DPD,Maluku Utara,"JACUB ZADRAK KAREL MATEKOHY, S.H. "
2014,DPD,Maluku Utara,"KADARIN PODA, S.E. "
2014,DPD,Maluku Utara,"MATHEUS STEFI PASIMANJEKU, S.H. "
2014,DPD,Maluku Utara,MUHAMMAD SYADRI 
2014,DPD,Maluku Utara,MUHAMMADd M. BANAPON
2014,DPD,Maluku Utara,NURDIN ABAS 
2014,DPD,Maluku Utara,REVLI 
2014,DPD,Maluku Utara,RUSLI H. ARIFIN 
2014,DPD,Nusa Tenggara Barat,"A. ZULKARNAEN ARIPIN ABDUL MAJID, S.Ag."
2014,DPD,Nusa Tenggara Barat,"ANDI MAPPERUMAH, M.S."
2014,DPD,Nusa Tenggara Barat,"BAIQ DIYAH RATU GANEFI, S.H."
2014,DPD,Nusa Tenggara Barat,"DJAIDUN HASAN, S.E., M.M."
2014,DPD,Nusa Tenggara Barat,"Dr. SUHARYANTO H. SORO, A.CA., S.Pd. M.Pd."
2014,DPD,Nusa Tenggara Barat,drh. H. ABDUL SAMAD
2014,DPD,Nusa Tenggara Barat,Drs. H. LALU SUHAIMI ISMY
2014,DPD,Nusa Tenggara Barat,Drs. H. M. IKROM
2014,DPD,Nusa Tenggara Barat,Drs. LALU AGUS SARJANA
2014,DPD,Nusa Tenggara Barat,"Drs. TGH. MUCHLIS IBRAHIM, M.Si."
2014,DPD,Nusa Tenggara Barat,"H. ABDUL HARIS, M.Sc, M.M."
2014,DPD,Nusa Tenggara Barat,"H. ABDUL KASIM, S.H. "
2014,DPD,Nusa Tenggara Barat,"H. L. SAHRIAL AKHMADI, S.H."
2014,DPD,Nusa Tenggara Barat,"H. LALU WIRATMAJA, S.H."
2014,DPD,Nusa Tenggara Barat,"H. M. SUPARJITO, S.Sos."
2014,DPD,Nusa Tenggara Barat,H. MASYKUR SIMAN
2014,DPD,Nusa Tenggara Barat,"H. MUHAIMIN YAHYA, S.SOS."
2014,DPD,Nusa Tenggara Barat,"H. MUHAMMAD, S.H."
2014,DPD,Nusa Tenggara Barat,HAJI PADLI
2014,DPD,Nusa Tenggara Barat,"HALIMAH TUSA'ADIAH, S.Pd.I."
2014,DPD,Nusa Tenggara Barat,"Hj. ROBIATUL ADAWIYAH, S.E."
2014,DPD,Nusa Tenggara Barat,"Ir. H. BADRUL MUNIR, M.M."
2014,DPD,Nusa Tenggara Barat,Ir. H. M. IKHSAN GEMALA PUTRA
2014,DPD,Nusa Tenggara Barat,"Ir. Hj. SRI SUSTINI. NS, M.M."
2014,DPD,Nusa Tenggara Barat,Ir. ILHAM SABIL
2014,DPD,Nusa Tenggara Barat,Ir. TJATUR KUKUH SURJANTO
2014,DPD,Nusa Tenggara Barat,"KAHRUL ZAMAN, S.H., M.H."
2014,DPD,Nusa Tenggara Barat,"L. NASRULLAH WIJAYA KUSUMA, S.P., M.H."
2014,DPD,Nusa Tenggara Barat,"MUH. TURMUZI, S.H. M.M.Pd."
2014,DPD,Nusa Tenggara Barat,MUHAMAD MUSANNIP
2014,DPD,Nusa Tenggara Barat,"MUHAMMAD NASRULLAH, S.Ag."
2014,DPD,Nusa Tenggara Barat,"NAJAMUDDIN UMAR, S.E."
2014,DPD,Nusa Tenggara Barat,Prof. Dr. FAROUK MUHAMMAD
2014,DPD,Nusa Tenggara Barat,"RUKMAN, S.E."
2014,DPD,Nusa Tenggara Barat,"SUPRATMAN, S.E."
2014,DPD,Nusa Tenggara Barat,TGH. L. NURUL WATHONI S. Pd.I.
2014,DPD,Nusa Tenggara Barat,"TGH. LALU MALA SAR'I, S.Ag."
2014,DPD,Nusa Tenggara Barat,TGH. MUHARRAR MAHFUZ
2014,DPD,Nusa Tenggara Barat,THAMRIN MARDJUN
2014,DPD,Nusa Tenggara Barat,YANI SAGAROA
2014,DPD,Nusa Tenggara Timur,"ADRIANUS GARU, S.E., M.SI."
2014,DPD,Nusa Tenggara Timur,"ALEKSIUS ARMANJAYA, S.S., M.H."
2014,DPD,Nusa Tenggara Timur,"ANTONIUS ELISEUS RASI WANGGE, S.S."
2014,DPD,Nusa Tenggara Timur,"ARIESTON DAPPA, S.T."
2014,DPD,Nusa Tenggara Timur,CAROLINA NUBATONIS-KONDO
2014,DPD,Nusa Tenggara Timur,dr. ASYERA R.A. WONDALERO
2014,DPD,Nusa Tenggara Timur,"dr. WERA DAMIANUS, M.M"
2014,DPD,Nusa Tenggara Timur,Dra. MIEN HADJON PATTYMANGOE
2014,DPD,Nusa Tenggara Timur,"Drs. AGUSTINUS BEBOK QUINTUS, M.S"
2014,DPD,Nusa Tenggara Timur,Drs. E. ENSE DA CUNHA SOLAPUNG
2014,DPD,Nusa Tenggara Timur,"Drs. H. R. TONUBESSI, M.Hum., M.Si."
2014,DPD,Nusa Tenggara Timur,Drs. IBRAHIM AGUSTINUS MEDAH
2014,DPD,Nusa Tenggara Timur,Drs. JOHANES MAT NGARE
2014,DPD,Nusa Tenggara Timur,Drs. JOHN TH. BLEGUR
2014,DPD,Nusa Tenggara Timur,Drs. MAKABORANG HAMATARA
2014,DPD,Nusa Tenggara Timur,Drs. PAULUS MOA
2014,DPD,Nusa Tenggara Timur,"Drs. REFAFI GAH, M.Pd."
2014,DPD,Nusa Tenggara Timur,Drs. STEFANUS MONE KAKA
2014,DPD,Nusa Tenggara Timur,"FERDINANDUS SENTOSA NGGAO, S.Sos, M.SI."
2014,DPD,Nusa Tenggara Timur,FRANCISCO DEODATO ROSARIO OSORIO SOARES
2014,DPD,Nusa Tenggara Timur,"FRANSISKUS XAVERIUS ELVIS HANCU, S.Fil."
2014,DPD,Nusa Tenggara Timur,Ir. ABRAHAM LIYANTO 
2014,DPD,Nusa Tenggara Timur,"Ir. BERNADUS YOHANES RALDY DOY, M.SI."
2014,DPD,Nusa Tenggara Timur,Ir. MARTINUS JAWA
2014,DPD,Nusa Tenggara Timur,Ir. SARAH LERY MBOEIK
2014,DPD,Nusa Tenggara Timur,JULIA STEVANNY E. BLEGUR
2014,DPD,Nusa Tenggara Timur,"MAKARIUS PASKALIS BAUT, S.H."
2014,DPD,Nusa Tenggara Timur,MARCUS HENDRIK
2014,DPD,Nusa Tenggara Timur,"MARIA NUBAN SAKU, S.H."
2014,DPD,Nusa Tenggara Timur,MIKAEL UMBU ZASA 
2014,DPD,Nusa Tenggara Timur,MOSES MOGO
2014,DPD,Nusa Tenggara Timur,"NUNIK ELIZABETH MERUKH, M.B.A."
2014,DPD,Nusa Tenggara Timur,PITER THINUNG PITOBY
2014,DPD,Nusa Tenggara Timur,"RENGKA PIUS, S.H., M.Sc."
2014,DPD,Nusa Tenggara Timur,ROMANUS NDAU
2014,DPD,Nusa Tenggara Timur,SIMON NUBATONIS
2014,DPD,Nusa Tenggara Timur,SYAFRUDIN ATASOGE
2014,DPD,Nusa Tenggara Timur,TENGGUDAI PETRONELLA LITTIK
2014,DPD,Nusa Tenggara Timur,"UMBU SAPPY SAMAPATY, S.H., M.H."
2014,DPD,Nusa Tenggara Timur,"UMBU WULANG TANAAMAH PARANGGI, S.SoS."
2014,DPD,Nusa Tenggara Timur,WIHERS RIHI HEREWILA
2014,DPD,Papua,"ANTON H.M. WALAB GEBZE, S.H. "
2014,DPD,Papua,"DANIEL BUTU, B.A. "
2014,DPD,Papua,"Dr. H. TONI VICTOR MANDAWIRI WANGGAI, M.A."
2014,DPD,Papua,Drs. Dirk DICKY RUMBOIRUSI 
2014,DPD,Papua,"Drs. PAULUS YOHANES SUMINO, M.M."
2014,DPD,Papua,"Drs. ROBERT ISIR, M.A., M.M. "
2014,DPD,Papua,Drs. S.P. RUMBORIYAS 
2014,DPD,Papua,"Drs. YULIANUS NIKODEMUS WONMALY, M.A."
2014,DPD,Papua,EDISON LAMBE 
2014,DPD,Papua,"EMANUEL TEBAI, S.Pd., M.B.A. "
2014,DPD,Papua,FERDINANDA W. IBO YATIPAY
2014,DPD,Papua,"FREDERIK WAKUM, S.Sos"
2014,DPD,Papua,HABELINO SAWAKI 
2014,DPD,Papua,HELINA MURIB 
2014,DPD,Papua,"JOHN WEMPI WONA, S.H. "
2014,DPD,Papua,"JOSHUA ONIM, S.E. "
2014,DPD,Papua,"LA MADI, S.E. "
2014,DPD,Papua,MESAKH MIRIN 
2014,DPD,Papua,"NATAN NAFTALI TEBAI, S.Sos"
2014,DPD,Papua,"Pdt. CARLES SIMAREMARE, S.Th., M.Si. "
2014,DPD,Papua,RAFAEL YOSEP SIHOMBING
2014,DPD,Papua,"TENIUS TABUNI, S.T. "
2014,DPD,Papua,THEOFILUS WAIMURI
2014,DPD,Papua,"YANES MURIB, M.M. "
2014,DPD,Papua,"YUBERINA TABUNI, S.SOs."
2014,DPD,Papua Barat,"Abdullah Manaray, S.T."
2014,DPD,Papua Barat,"Chaidir Djafar, S.E., M.Si."
2014,DPD,Papua Barat,"Ester Margareth Mandosir, S.Sos., M.H. "
2014,DPD,Papua Barat,"Ishak Mandacan, S.H."
2014,DPD,Papua Barat,"Ivan Ismail Madu, S.Sos. "
2014,DPD,Papua Barat,"Jacob Esau Komigi, S.H., M.M."
2014,DPD,Papua Barat,La Jumad
2014,DPD,Papua Barat,"Mamberob Yosephus Rumakiek, S.Si. "
2014,DPD,Papua Barat,Mervin Sadipun Komber 
2014,DPD,Papua Barat,"Mika Dumais, S.H."
2014,DPD,Papua Barat,"Salomie Christina Saway, S.H. "
2014,DPD,Papua Barat,Sayid Fadhal Alhamid
2014,DPD,Papua Barat,"Sopia Maipauw, S.H."
2014,DPD,Papua Barat,Usman Difinubun
2014,DPD,Papua Barat,"Victor Juventusn G. May, S.Hut."
2014,DPD,Riau,"AFRI, S.P"
2014,DPD,Riau,"AGUSTIAN RASMANTO, S.E"
2014,DPD,Riau,AMRIL PILIANG 
2014,DPD,Riau,DESMIANTO
2014,DPD,Riau,"Dr. Hj. MAIMANAH UMAR, M.A"
2014,DPD,Riau,"Drs. H. ABDUL GAFAR USMAN, M.M"
2014,DPD,Riau,Drs. H. TAUFIK IKRAM JAMIL
2014,DPD,Riau,"Drs. SUDARMO HASAN, M.A"
2014,DPD,Riau,H. ARSADIANTO RACHMAN
2014,DPD,Riau,"H. ILYAS LABAY, S.Sos., M.Si"
2014,DPD,Riau,"H. SAID ZOHRIN, S.H., M.H"
2014,DPD,Riau,"H. SUSILO, S.E., M.M"
2014,DPD,Riau,"H. ZULKARNAEN, S.H., M.H"
2014,DPD,Riau,"INTSIAWATI AYUS, S.H., M.H"
2014,DPD,Riau,"Ir. H. NAWASIR KADIR, M.M"
2014,DPD,Riau,"IWA SIRWANI BIBRA, S.Sos., M.Ag,. "
2014,DPD,Riau,"KH. MOCH. ALWI ARIFIN, S.Pd"
2014,DPD,Riau,"KHAIRUDDIN, S.H.I., M.Ag."
2014,DPD,Riau,"MUHAMMAD MUZAMIL, S.E"
2014,DPD,Riau,"NARLIS, M.A"
2014,DPD,Riau,"RIBHAN DWI JAYANA, S.H., M.H"
2014,DPD,Riau,ROSTI ULI PURBA
2014,DPD,Riau,SUTRISNO. S
2014,DPD,Riau,WAN ABU BAKAR
2014,DPD,Riau,ZULHUSNI DOMO
2014,DPD,Sulawesi Barat,"Andi Zastrawati, S.E., M.Si"
2014,DPD,Sulawesi Barat,Drs. H. Hasan Sulur
2014,DPD,Sulawesi Barat,Drs. H. Husain Haenur
2014,DPD,Sulawesi Barat,Drs. H. M. Gaus Bastary
2014,DPD,Sulawesi Barat,"Drs. Johari Rugani, M.A."
2014,DPD,Sulawesi Barat,"Drs. Naharuddin, M.Si. "
2014,DPD,Sulawesi Barat,H. Amri Mustafa
2014,DPD,Sulawesi Barat,H. Andi Maksum Dai
2014,DPD,Sulawesi Barat,"H. Andi R. Endong Patompo, M.B.A., CRE"
2014,DPD,Sulawesi Barat,H. M. Ramlie A
2014,DPD,Sulawesi Barat,H. Syahrir Hamdani
2014,DPD,Sulawesi Barat,"Hj. Mulyana Isham, S.H, M.M."
2014,DPD,Sulawesi Barat,I Ketut Sutama 
2014,DPD,Sulawesi Barat,"Indah Mayasari, S.Pd."
2014,DPD,Sulawesi Barat,"Ir. H. Andi Surianto B. Mappangara, M.T. "
2014,DPD,Sulawesi Barat,Ir. H. Iskandar Muda Baharuddin Lopa
2014,DPD,Sulawesi Barat,K.H. Muh. Syibli Sahabuddin
2014,DPD,Sulawesi Barat,"Marthen, M.Th."
2014,DPD,Sulawesi Barat,Muh. Asri Anas
2014,DPD,Sulawesi Barat,"Muh. Ilman Nadjamuddin, S.P."
2014,DPD,Sulawesi Barat,"Muh. Rafi, S.E."
2014,DPD,Sulawesi Barat,Muhammad Zakir Akbar
2014,DPD,Sulawesi Barat,Noegroho Eko Mardiyono
2014,DPD,Sulawesi Barat,Radhitya Ardimas Anwar 
2014,DPD,Sulawesi Barat,Sudirman Zuhdi 
2014,DPD,Sulawesi Selatan,A. Wahyuddin Malik
2014,DPD,Sulawesi Selatan,A.M. Iqbal Parewangi 
2014,DPD,Sulawesi Selatan,Andi Muh. Ihsan 
2014,DPD,Sulawesi Selatan,"Arman Arfah, S.E., M.M"
2014,DPD,Sulawesi Selatan,"Bung Ari Reza Ali, S.E"
2014,DPD,Sulawesi Selatan,"Burhanuddin, S.H., M.H"
2014,DPD,Sulawesi Selatan,"Dr. H. Ajiep Padindang, S.E., M.M"
2014,DPD,Sulawesi Selatan,Dr. Hj. Kasmawati T.Z. Basalamah 
2014,DPD,Sulawesi Selatan,Dra. Hj. Oelfah A. Syahrullah Harmanto
2014,DPD,Sulawesi Selatan,Drs. Abdul Kadir Patwa 
2014,DPD,Sulawesi Selatan,"Drs. Agussalim Andi Gadjong, S.H., M.H. "
2014,DPD,Sulawesi Selatan,Drs. H. Andi Harta Sanjaya 
2014,DPD,Sulawesi Selatan,Drs. H. Bahar Ngitung
2014,DPD,Sulawesi Selatan,"Drs. H. Ibrahim Ambong, M.A"
2014,DPD,Sulawesi Selatan,"Drs. H. Tadjuddin Noer, M.M"
2014,DPD,Sulawesi Selatan,"Drs. Muhammad Asmin, M.Pd"
2014,DPD,Sulawesi Selatan,H. Abdul Djalil Thahir 
2014,DPD,Sulawesi Selatan,"H. Muhammad Asri, S.Pd, MM"
2014,DPD,Sulawesi Selatan,"H. Muhammad Seniman Latif, S.E"
2014,DPD,Sulawesi Selatan,Hj. Amru Rijal Junaid
2014,DPD,Sulawesi Selatan,Hj. Andi Fatimah
2014,DPD,Sulawesi Selatan,"Hj. Monirah Jafar Hafsah, S.E"
2014,DPD,Sulawesi Selatan,"Ir.H. Abdul Aziz Qahar Mudzakkar, M.Si"
2014,DPD,Sulawesi Selatan,"Irmawaty Habie, S.H"
2014,DPD,Sulawesi Selatan,"Litha Brent, S.E"
2014,DPD,Sulawesi Selatan,"Lukman Nur, S.E"
2014,DPD,Sulawesi Selatan,"M. Gusti Zainal, S.S"
2014,DPD,Sulawesi Selatan,Mahir Takaka
2014,DPD,Sulawesi Selatan,"Mulawarman, S.E"
2014,DPD,Sulawesi Selatan,Pdt. Dr. Ishak P.  Lambe
2014,DPD,Sulawesi Selatan,"Pither Singkali, S.H., M.H"
2014,DPD,Sulawesi Selatan,Syamsuddin HB
2014,DPD,Sulawesi Selatan,"Wahidah Anwar, S.E., M.M"
2014,DPD,Sulawesi Tengah,"Abraham M. Larobu, S.H, M.H"
2014,DPD,Sulawesi Tengah,Agung
2014,DPD,Sulawesi Tengah,"Ahmad Syaifullah Malonda, S.P"
2014,DPD,Sulawesi Tengah,Darma Tongku
2014,DPD,Sulawesi Tengah,"Deny Salmon Galamba, S.Ap"
2014,DPD,Sulawesi Tengah,Djekcy Ras Umbas
2014,DPD,Sulawesi Tengah,dr. Delis Julkarson Hehi
2014,DPD,Sulawesi Tengah,"Drs. F. Eddy Bungkudapu, M.Si, M.Th"
2014,DPD,Sulawesi Tengah,"Drs. Gatot Margono, M.M"
2014,DPD,Sulawesi Tengah,"Drs. H. Murad U. Nasir, M.Si"
2014,DPD,Sulawesi Tengah,"Drs. Landri Tandung, M.Pd"
2014,DPD,Sulawesi Tengah,Drs. Ma'mun Amir
2014,DPD,Sulawesi Tengah,Drs. Moh. Nadjib H. Umar
2014,DPD,Sulawesi Tengah,"Drs. Nirman Yans Winter, M.H"
2014,DPD,Sulawesi Tengah,"Femmy Sangian, S.H"
2014,DPD,Sulawesi Tengah,Ferenc Raymond Sahetapy
2014,DPD,Sulawesi Tengah,H. Syamsuddin Said
2014,DPD,Sulawesi Tengah,Herman Agan
2014,DPD,Sulawesi Tengah,"Hj. Nurmawati Dewi Bantilan, S.E"
2014,DPD,Sulawesi Tengah,"Hj. Samsudin Pay, S.Ag. M.Si"
2014,DPD,Sulawesi Tengah,"Idrus A. Hafid, S.H"
2014,DPD,Sulawesi Tengah,Ir. Emil Salim Podungge
2014,DPD,Sulawesi Tengah,M. Ridha Saleh 
2014,DPD,Sulawesi Tengah,Maziru L. Masri 
2014,DPD,Sulawesi Tengah,"Mohammad Sofyan, S.T"
2014,DPD,Sulawesi Tengah,"Pdt. Dr. Silviana H. Pandegirot, M.Th"
2014,DPD,Sulawesi Tengah,"Shaleh Muhammad Aldjufri, Lc, M.A"
2014,DPD,Sulawesi Tengah,"Supriadi, S.H"
2014,DPD,Sulawesi Tengah,Suwandhi Y. Ritupalu
2014,DPD,Sulawesi Tengah,Yapto Suryo Saputro Bantilan 
2014,DPD,Sulawesi Tengah,Zainuddin T. Aminullah
2014,DPD,Sulawesi Tenggara,ABDUL MUIS
2014,DPD,Sulawesi Tenggara,"ABDUL SYAHIR, S.Sos., S.H., M.H"
2014,DPD,Sulawesi Tenggara,"ADIPUTERA, S.T"
2014,DPD,Sulawesi Tenggara,"AFIAT TAWAKAL, S.SI"
2014,DPD,Sulawesi Tenggara,"ALEX PANGAIBALI, S.Th"
2014,DPD,Sulawesi Tenggara,"ALI LAOPA, S.H"
2014,DPD,Sulawesi Tenggara,ARSYAD
2014,DPD,Sulawesi Tenggara,ASMAUN PARATE
2014,DPD,Sulawesi Tenggara,ASMIN 
2014,DPD,Sulawesi Tenggara,"BOSMAN, S.Si., S.H., M.H"
2014,DPD,Sulawesi Tenggara,"dr. H. LA ODE BARIUN, M.Kes"
2014,DPD,Sulawesi Tenggara,Drs. AHYAR ANDI RAUF 
2014,DPD,Sulawesi Tenggara,Drs. H. ANAS MAISA 
2014,DPD,Sulawesi Tenggara,"Drs. H. HOESEIN EFFENDY, S.H"
2014,DPD,Sulawesi Tenggara,"Drs. H. KAMARUDDIN, M.H"
2014,DPD,Sulawesi Tenggara,"Drs. H. LA ODE ALI HANAFI, M.Si"
2014,DPD,Sulawesi Tenggara,Drs. H. MUH. RATMAN 
2014,DPD,Sulawesi Tenggara,Drs. H. MUSTAFA RANSE AMIN
2014,DPD,Sulawesi Tenggara,"Drs. H. YUSRAN A. SILONDAE, M.Si"
2014,DPD,Sulawesi Tenggara,Drs. ILHAM
2014,DPD,Sulawesi Tenggara,Drs. KASMIR
2014,DPD,Sulawesi Tenggara,Drs. LA ODE ALI TANDA
2014,DPD,Sulawesi Tenggara,"Drs. LA ODE DJABARU, M.Si"
2014,DPD,Sulawesi Tenggara,Drs. SAIFUL AMIN
2014,DPD,Sulawesi Tenggara,"EDHI SUSILO HADISUTANTO, S.H"
2014,DPD,Sulawesi Tenggara,"H. ABDUL SAMAD, S.Sos"
2014,DPD,Sulawesi Tenggara,H. HASAN KAMAL SAID ABD. QAHHAR MUDZAKKAR
2014,DPD,Sulawesi Tenggara,"H. JUNAIS DARANGA, S.E"
2014,DPD,Sulawesi Tenggara,"H. LA ODE HAMIRU, M.Sc"
2014,DPD,Sulawesi Tenggara,"H. MUCHLIS PATAHNA, S.H., M.Kn"
2014,DPD,Sulawesi Tenggara,H. SUDARMAN SAFRIEN 
2014,DPD,Sulawesi Tenggara,"H. SUKIMAN PABELU, S.Sos"
2014,DPD,Sulawesi Tenggara,"H. YUSRAN TARIDALA, S.P"
2014,DPD,Sulawesi Tenggara,"H.HERRY HERMANSYAH SILONDAE, S.E"
2014,DPD,Sulawesi Tenggara,H.M. YASIN WELSON LAJAHA
2014,DPD,Sulawesi Tenggara,Ir. H. ABDUL JABBAR TOBA
2014,DPD,Sulawesi Tenggara,"Ir. H. ANDI SYAMSUL BAHRI, M.Si"
2014,DPD,Sulawesi Tenggara,Ir. H. M. YUNUS SJAMSOEDDIN 
2014,DPD,Sulawesi Tenggara,Ir. MAS'UDI
2014,DPD,Sulawesi Tenggara,Ir. MUDAWING SAENONG
2014,DPD,Sulawesi Tenggara,Ir. PADANG SUGIARTO
2014,DPD,Sulawesi Tenggara,Ir. VENCE SAMUEL TUMANAN 
2014,DPD,Sulawesi Tenggara,"Ir. WA ODE HAMSINAH BOLU, M.Sc"
2014,DPD,Sulawesi Tenggara,"IRWAN MUSTAKIM, S.T"
2014,DPD,Sulawesi Tenggara,"L.M. RUSMAN EMBA, S.T"
2014,DPD,Sulawesi Tenggara,"LA DJADI SIHARIS, M.SI"
2014,DPD,Sulawesi Tenggara,"LA ODE ABDUL AZIZ NADIA, S.Ag., M.Si"
2014,DPD,Sulawesi Tenggara,"LA ODE ASADI, S.E., M.Si"
2014,DPD,Sulawesi Tenggara,"LA ODE RUSYAMIN, S.Km"
2014,DPD,Sulawesi Tenggara,LA ODE SABRI
2014,DPD,Sulawesi Tenggara,"MASWATY MADJID, S.Km., M.Si"
2014,DPD,Sulawesi Tenggara,MUHAMMAD KOBAR
2014,DPD,Sulawesi Tenggara,"MULIATI SAIMAN, S.Si"
2014,DPD,Sulawesi Tenggara,RAHMAN JIHAD
2014,DPD,Sulawesi Tenggara,"SAIPUDDIN, S.P"
2014,DPD,Sulawesi Tenggara,"SUHARMAN, S.Pi., M.S"
2014,DPD,Sulawesi Tenggara,"SYAM ABDUL DJALIL HAMRA, S.E"
2014,DPD,Sulawesi Tenggara,"TASLIMIN, S.P"
2014,DPD,Sulawesi Tenggara,"TATA SUNARTA, S.Pd., M.Pd"
2014,DPD,Sulawesi Tenggara,TITING SURYANA SARANANI
2014,DPD,Sulawesi Tenggara,"WENCESLAUS LA RANGKA, S.H"
2014,DPD,Sulawesi Tenggara,YAFRUDDIN
2014,DPD,Sulawesi Tenggara,"YAN SULAEMAN, S.E"
2014,DPD,Sulawesi Utara,"Aryanthi Baramuli Putri, S.H., M.H."
2014,DPD,Sulawesi Utara,"Bachtiar Kodja, S.Sos"
2014,DPD,Sulawesi Utara,Baso Affandi 
2014,DPD,Sulawesi Utara,Benny Rhamdani
2014,DPD,Sulawesi Utara,Dolfie Maringka 
2014,DPD,Sulawesi Utara,"Dr. Ir. Adolf Lucky Longdong, M.Ed"
2014,DPD,Sulawesi Utara,Dra. Hermin Ririswati Katamsi
2014,DPD,Sulawesi Utara,Drs. Arudji Mongilong
2014,DPD,Sulawesi Utara,Drs. Berny Tamara
2014,DPD,Sulawesi Utara,"Drs. E.C. Harly Weku, M.M., Ak. "
2014,DPD,Sulawesi Utara,"Drs. Teddy Manueke, M.M. "
2014,DPD,Sulawesi Utara,"Emmanuel J. Tular, S.I.P., M.Si"
2014,DPD,Sulawesi Utara,Fabian Richard Sarundajang
2014,DPD,Sulawesi Utara,"H. Ali Hardi Kiaidemak, S.H., M.Si"
2014,DPD,Sulawesi Utara,"H. Sujahri Van Gobel, S.H., M.T."
2014,DPD,Sulawesi Utara,"Hamdi Paputungan, SH"
2014,DPD,Sulawesi Utara,"Ir. Andry Harits Umboh, M.Si"
2014,DPD,Sulawesi Utara,Ir. Marhany V.P. PUA
2014,DPD,Sulawesi Utara,Ir. Stefanus B.A.N. Liow
2014,DPD,Sulawesi Utara,Ismail Mo'o
2014,DPD,Sulawesi Utara,Jhony Krisen
2014,DPD,Sulawesi Utara,Jimmy Mikael Walewangko 
2014,DPD,Sulawesi Utara,Joseph Theodorus Pati 
2014,DPD,Sulawesi Utara,Marthin N. Mohede
2014,DPD,Sulawesi Utara,Maya Rumantir
2014,DPD,Sulawesi Utara,"Prof. Dr. Ir. L. W. Sondakh, M.Ec."
2014,DPD,Sulawesi Utara,Yuda Abram Mokoginta
2014,DPD,Sulawesi Utara,"Zeth Walo, S.Sos."
2014,DPD,Sumatera Barat,"Davip Maldian, S.Sos"
2014,DPD,Sumatera Barat,"Dr. Ir. H. Herman Darnel Ibrahim, M.Sc"
2014,DPD,Sumatera Barat,Drs. H. Irdinansyah Tarmizi
2014,DPD,Sumatera Barat,"Drs. H. Mardinas N. Syair, M.M., M.H"
2014,DPD,Sumatera Barat,Drs. Jhoni Afrizal 
2014,DPD,Sumatera Barat,"Drs. M. Sayuti, M.Pd"
2014,DPD,Sumatera Barat,"H. Alirman Sori, S.H., M.Hum., M.M. "
2014,DPD,Sumatera Barat,"H. Leonardy Harmainy Dt. Bandaro Basa, S.I.P., M.H."
2014,DPD,Sumatera Barat,"H. M. Yamin Ferrianto Tara, S.E"
2014,DPD,Sumatera Barat,H. Mizwar Abbas 
2014,DPD,Sumatera Barat,"H. Nofi Candra, S.E"
2014,DPD,Sumatera Barat,"H. Sani Mariko, SH, M.Hum "
2014,DPD,Sumatera Barat,"Hj. Afrizalty, S.H"
2014,DPD,Sumatera Barat,Hj. Emma Yohanna
2014,DPD,Sumatera Barat,"Ir. H. Andi Harmaini, M.M"
2014,DPD,Sumatera Barat,"Ir. H. Zulkarnain Kamsya, M.S"
2014,DPD,Sumatera Barat,Irman Gusman
2014,DPD,Sumatera Barat,Jefrie Geovanie
2014,DPD,Sumatera Barat,"Masrizal Munaf, S.T., M.M"
2014,DPD,Sumatera Barat,Muhammad Rahmad 
2014,DPD,Sumatera Barat,Rahmad Hidayat
2014,DPD,Sumatera Barat,S.T. Khairul Azmi Dt. Bijo Dirajo
2014,DPD,Sumatera Barat,Syafwan DT. Sampono Alam 
2014,DPD,Sumatera Barat,"Yong Hendri, S.H"
2014,DPD,Sumatera Barat,"Zulherman, S.Pd., M.M"
2014,DPD,Sumatera Selatan,Abdul Aziz Kamis
2014,DPD,Sumatera Selatan,"Abdul Aziz, S.H. "
2014,DPD,Sumatera Selatan,"Achmad Barnas, S.E., M.M. "
2014,DPD,Sumatera Selatan,Alamsyah Mustomi
2014,DPD,Sumatera Selatan,Dr. H. Much. Baryadi
2014,DPD,Sumatera Selatan,Drs. Daryono
2014,DPD,Sumatera Selatan,"Drs. H. Aidil Fitri Syah, M.M. "
2014,DPD,Sumatera Selatan,"Drs. H. Darwin Azhar, M.M. "
2014,DPD,Sumatera Selatan,Drs. H. Noviarman Kailani
2014,DPD,Sumatera Selatan,"Drs. H. Syarifudin Ali Amin, S.H."
2014,DPD,Sumatera Selatan,"Endu Santoso, S.T. "
2014,DPD,Sumatera Selatan,"Firmansyah, S.E., M.Si. "
2014,DPD,Sumatera Selatan,"H. Idham Khalid, S.H. "
2014,DPD,Sumatera Selatan,H. Mohd. Lutfi Izzuddin
2014,DPD,Sumatera Selatan,H.M. Basyir D.A
2014,DPD,Sumatera Selatan,"Helmi Ibrahim, S.H., M.Hum."
2014,DPD,Sumatera Selatan,Hendri Zainuddin 
2014,DPD,Sumatera Selatan,"Hj. Asmawati, S.E., M.M. "
2014,DPD,Sumatera Selatan,"Hj. Percha Leanpuri, B.Bus., M.B.A."
2014,DPD,Sumatera Selatan,"Hj. Rogayati Baidjuri, S.H."
2014,DPD,Sumatera Selatan,"Hj. Shinta Paramita Sari, S.H., M.Hum."
2014,DPD,Sumatera Selatan,"Hj. Siti Farida, S.Pd."
2014,DPD,Sumatera Selatan,Ir.Syukri Zuber 
2014,DPD,Sumatera Selatan,"Kartila, S.E. "
2014,DPD,Sumatera Selatan,"Siska Marleni, S.E., M.Si."
2014,DPD,Sumatera Selatan,"Solehun, M.Pd."
2014,DPD,Sumatera Selatan,"Taufikurrohman, S.Sos."
2014,DPD,Sumatera Selatan,"Zulkifli, S.Pd.I."
2014,DPD,Sumatera Utara,Darwin Hamonangan Lubis
2014,DPD,Sumatera Utara,"Dedi Iskandar Batubara, S.Sos., S.H., M.S.P."
2014,DPD,Sumatera Utara,"Dr. Badikenita B.R Sitepu, S.E., M.Si"
2014,DPD,Sumatera Utara,"Dr. Ir. Benny Pasaribu, M.Ec."
2014,DPD,Sumatera Utara,"Dr. Togu Harlen LBN. Raja, S.E., M.Si"
2014,DPD,Sumatera Utara,Drs. Binrot Rajagukguk
2014,DPD,Sumatera Utara,"Drs. E.B. Sinaga, M.M. "
2014,DPD,Sumatera Utara,"Drs. H. Ibrahim Sakty Batubara, MAP"
2014,DPD,Sumatera Utara,Drs. H. Rijal Sirait 
2014,DPD,Sumatera Utara,"Drs. H. Syariful Mahya Bandar, M.A.P. "
2014,DPD,Sumatera Utara,Drs. Haris 
2014,DPD,Sumatera Utara,Drs. Ir. Nagasakti Perangin-angin 
2014,DPD,Sumatera Utara,Eddy G.P Manurung 
2014,DPD,Sumatera Utara,"Eka Dharmayanto, S.E."
2014,DPD,Sumatera Utara,"H. Muhammad Nuh, M.S.P. "
2014,DPD,Sumatera Utara,Ir. Edison Sianturi
2014,DPD,Sumatera Utara,"Ir. Erick Sitompul, M.H. "
2014,DPD,Sumatera Utara,"Manandus Sitanggang, S.Sos."
2014,DPD,Sumatera Utara,"Parlindungan Purba, S.H., M.M. "
2014,DPD,Sumatera Utara,Prof. Dr. Ir. Hj. Darmayanti Lubis 
2014,DPD,Sumatera Utara,"Rafdinal, S.Sos., M.A.P."
2014,DPD,Sumatera Utara,"Rahmat Hidayat, S.E. "
2014,DPD,Sumatera Utara,Rudolf Mazuoka Pardede
2014,DPD,Sumatera Utara,"Turunan Gulo, S.P., M.S.P. "